iteration	timestamp	coverage	tests_pass	status	notes
1	2026-03-24T08:30:00	77%	10/10	PASS	Initial test run - Phase 1 & 2 complete
2	2026-03-24T08:45:00	79%	15/15	PASS	Phase 3 complete - CLI tool added, PROJECT.md created
3	2026-03-24T09:00:00	85%	67/67	PASS	Added comprehensive analyzer, architect, planner tests
4	2026-03-24T09:15:00	86%	120/120	PASS	Added extended generator and CLI tests
5	2026-03-24T09:30:00	97%	152/152	PASS	Added generator rendering tests, reached 97% coverage
6	2026-03-24T09:45:00	97%	196/196	PASS	Added edge case and integration tests
7	2026-03-24T10:00:00	97%	237/237	PASS	Added advanced feature tests
8	2026-03-24T10:15:00	97%	288/288	PASS	Added comprehensive integration tests
9	2026-03-24T10:30:00	97%	339/339	PASS	Added output quality tests
